{
  "67cfbec0-0d55-4ffa-803d-42932711b9e5": {
    "email": "user1764416326714@gmail.com",
    "fullName": "said",
    "age": 18,
    "region": "Bakı",
    "gender": "female",
    "language": "az",
    "id": "67cfbec0-0d55-4ffa-803d-42932711b9e5",
    "registrationDate": "2025-11-29T11:39:00.336Z"
  },
  "5a0cf358-724a-406e-9358-b38cd186da7b": {
    "email": "user1764416442795@gmail.com",
    "fullName": "Demo User",
    "age": 18,
    "region": "Xankəndi",
    "gender": "other",
    "language": "az",
    "id": "5a0cf358-724a-406e-9358-b38cd186da7b",
    "registrationDate": "2025-11-29T11:40:59.210Z"
  },
  "86ad25c6-9045-4bda-8177-1c9f7c16ff11": {
    "email": "user1764416515521@gmail.com",
    "fullName": "said",
    "age": 18,
    "region": "Naxçıvan",
    "gender": "other",
    "language": "az",
    "id": "86ad25c6-9045-4bda-8177-1c9f7c16ff11",
    "registrationDate": "2025-11-29T11:42:06.625Z"
  },
  "b7adfdc7-2d09-486c-9629-4028a74df417": {
    "email": "user1764416519651@gmail.com",
    "fullName": "Test User WVIpiM",
    "age": 22,
    "region": "Bakı",
    "gender": "male",
    "language": "az",
    "id": "b7adfdc7-2d09-486c-9629-4028a74df417",
    "registrationDate": "2025-11-29T11:43:12.526Z"
  },
  "c0164552-fc05-4f0e-8bcd-e480aa66a3d5": {
    "email": "user1764416930298@gmail.com",
    "fullName": "Demo User",
    "age": 18,
    "region": "Xankəndi",
    "gender": "female",
    "language": "az",
    "id": "c0164552-fc05-4f0e-8bcd-e480aa66a3d5",
    "registrationDate": "2025-11-29T11:48:56.412Z"
  },
  "7b0c2d00-d223-423a-89a5-d003f8a1217b": {
    "email": "user1764423141308@gmail.com",
    "fullName": "Demo User",
    "age": 18,
    "region": "Şəki",
    "gender": "male",
    "language": "az",
    "id": "7b0c2d00-d223-423a-89a5-d003f8a1217b",
    "registrationDate": "2025-11-29T13:32:27.581Z"
  },
  "634e56f5-2daf-4f94-9f71-dd4530bfda0b": {
    "email": "user1764423188368@gmail.com",
    "fullName": "Demo User",
    "age": 18,
    "region": "Digər",
    "gender": "prefer_not_to_say",
    "language": "az",
    "id": "634e56f5-2daf-4f94-9f71-dd4530bfda0b",
    "registrationDate": "2025-11-29T13:33:13.433Z"
  }
}